Country,Continent,Year,Life_exp,Adult_Mort,Infant_Mort,Hep_B,Measles,BMI,under_five_deaths,Polio,Diphtheria,HIVAIDS,GDP,Population,thinness10_19y,thinness5_9y,Schooling
Afghanistan,Asia,2015,65,263,62,65,1154,19.1,83,6,65,0.1,584.25921,33736494,17.2,17.3,10.1
Albania,Europe,2015,77.8,74,0,99,0,58,0,99,99,0.1,3954.22783,28873,1.2,1.3,14.2
Algeria,Africa,2015,75.6,19,21,95,63,59.5,24,95,95,0.1,4132.76292,39871528,6,5.8,14.4
Angola,Africa,2015,52.4,335,66,64,118,23.3,98,7,64,1.9,3695.793748,2785935,8.3,8.2,11.4
Antigua and Barbuda,North America,2015,76.4,13,0,99,0,47.7,0,86,99,0.2,13566.9541,NA,3.3,3.3,13.9
Argentina,South America,2015,76.3,116,8,94,0,62.8,9,93,94,0.1,13467.1236,43417765,1,0.9,17.3
Armenia,Europe,2015,74.8,118,1,94,33,54.9,1,96,94,0.1,369.654776,291695,2.1,2.2,12.7
Australia,Oceania,2015,82.8,59,1,93,74,66.6,1,93,93,0.1,56554.3876,23789338,0.6,0.6,20.4
Austria,Europe,2015,81.5,65,0,93,309,57.6,0,93,93,0.1,43665.947,8633169,1.9,2.1,15.9
Azerbaijan,Europe,2015,72.7,118,5,96,0,52.5,6,98,96,0.1,55.31382,9649341,2.8,2.9,12.7
Bahamas,North America,2015,76.1,147,0,95,0,64.5,0,95,95,0.1,NA,NA,2.5,2.5,12.6
Bahrain,Asia,2015,76.9,69,0,98,0,63.6,0,98,98,0.1,22688.87824,NA,6.2,6.1,14.5
Bangladesh,Asia,2015,71.8,129,92,97,240,18.3,113,97,97,0.1,121.15812,1612886,17.9,18.3,10.2
Barbados,North America,2015,75.5,98,0,97,0,54.5,0,97,97,0.1,15557.8381,NA,3.8,3.7,15.3
Belarus,Europe,2015,72.3,196,0,99,2,62.3,0,99,99,0.1,5949.11677,9489616,1.9,2,15.6
Belgium,Europe,2015,81.1,74,0,98,47,63.7,1,99,99,0.1,4356.875,11274196,1,1,16.6
Belize,North America,2015,71,175,0,94,0,5.9,0,94,94,0.2,4849.997495,359288,3.5,3.4,12.8
Benin,Africa,2015,60,249,25,82,55,25.7,39,78,82,1,783.94791,1575952,6.9,6.8,10.7
Bhutan,Asia,2015,69.8,211,0,99,11,24.5,0,98,99,0.5,2613.645177,787386,15.4,16,12.5
Bolivia,South America,2015,77,186,8,99,0,52.6,10,99,99,0.1,NA,NA,1.2,1.1,13.8
Bosnia and Herzegovina,Europe,2015,77.4,88,0,82,1677,55.8,0,74,82,0.1,4574.9787,3535961,2.3,2.3,14.2
Botswana,Africa,2015,65.7,256,2,95,0,37.9,2,96,95,2.2,6532.651,229197,6.4,6.1,12.6
Brazil,South America,2015,75,142,42,96,214,56.1,47,98,96,0.1,8757.2622,2596218,2.7,2.6,15.2
Brunei,Asia,2015,77.7,78,0,99,4,41.2,0,99,99,0.1,3967.8951,NA,5.7,5.1,14.9
Bulgaria,Europe,2015,74.5,137,0,92,0,65.7,1,91,91,0.1,6993.47736,7177991,1.9,1.8,15
Burkina Faso,Africa,2015,59.9,26,38,91,99,19.4,61,91,91,0.6,615.592225,1811624,8,7.5,7.7
Burundi,Africa,2015,59.6,288,21,94,9,18.7,31,94,94,0.7,33.681223,119927,7.3,7.2,10.6
Côte d'Ivoire,Africa,2015,53.3,397,57,83,65,28,79,81,83,1.9,NA,NA,5.5,5.5,NA
Cabo Verde,Africa,2015,73.3,114,0,96,0,31.3,0,93,93,0.2,2954.119467,532913,6.6,6.6,13.5
Cambodia,Asia,2015,68.7,174,10,89,0,19.6,12,87,89,0.2,1163.18977,15517635,1.9,1.9,10.9
Cameroon,Africa,2015,57.3,357,45,84,1809,29,68,83,84,3.5,1244.429421,22834522,5.6,5.5,10.4
Canada,North America,2015,82.2,64,2,55,195,67,2,91,91,0.1,43315.744,3584861,0.6,0.5,16.3
Central African Republic,Africa,2015,52.5,397,15,47,150,22.7,21,47,47,4.4,348.381417,45461,8.2,8.2,7.1
Chad,Africa,2015,53.1,356,46,46,418,19.1,77,52,46,2.8,777.248751,149413,8.5,8.4,7.3
Chile,South America,2015,85,82,2,97,9,63.8,2,96,96,0.1,13653.2264,17762681,0.8,0.8,16.3
China,Asia,2015,76.1,85,157,99,42361,32.9,183,99,99,0.1,869.211938,137122,3.6,2.9,13.5
Colombia,South America,2015,74.8,143,10,91,1,57.9,12,91,91,0.1,644.525556,48228697,2.1,1.9,13.6
Comoros,Africa,2015,63.5,227,1,91,0,24.2,2,92,91,0.8,727.6463868,777424,6.7,6.5,11.1
Congo,Africa,2015,64.7,267,7,8,1359,27.4,10,8,8,2.8,NA,NA,7.5,7.1,11.1
Costa Rica,North America,2015,79.6,95,1,92,0,6.5,1,92,92,0.1,1146.36273,487852,1.7,1.7,14.2
Croatia,Europe,2015,78,95,0,94,206,63.7,0,94,94,0.1,11579.6674,42364,1.5,1.4,15.3
Cuba,North America,2015,79.1,92,1,99,0,61.4,1,99,99,0.1,762.261218,NA,3.5,3.3,13.9
Cyprus,Europe,2015,85,52,0,97,0,6.3,0,97,97,0.1,2375.1127,116985,1,1,14.3
Czechia,Europe,2015,78.8,86,0,97,9,66.1,0,97,97,0.1,NA,NA,1.8,1.8,NA
North Korea,Asia,2015,76,139,6,96,0,32.9,7,99,96,0.1,NA,NA,4.9,4.9,NA
Democratic Republic of the Congo,Africa,2015,59.8,258,236,81,5020,21.6,308,78,81,1.1,NA,NA,9.5,9.3,NA
Denmark,Europe,2015,86,71,0,NA,9,58.8,0,93,93,0.1,5314.64416,5683483,1.1,0.9,19.2
Djibouti,Africa,2015,63.5,241,1,84,47,35,1,84,84,2.1,1862.167274,927414,5.6,5.4,6.3
Dominican Republic,North America,2015,73.9,152,6,81,0,58.9,7,87,85,0.3,6468.471648,1528394,3.3,3.2,13.2
Ecuador,South America,2015,76.2,118,6,78,0,54.2,7,84,78,0.1,625.62224,16144368,1.2,1.1,14
Egypt,Africa,2015,79,159,51,93,5432,61.1,60,93,93,0.1,NA,NA,2.8,2.8,13.1
El Salvador,North America,2015,73.5,178,2,91,0,56.1,2,92,91,0.2,4127.11775,6312478,1.6,1.5,13.2
Equatorial Guinea,Africa,2015,58.2,32,3,16,1250,24.5,4,17,16,4.2,1347.31257,1175389,8.4,8.3,9.2
Eritrea,Africa,2015,64.7,255,5,95,198,18.6,7,95,95,0.4,NA,NA,8.4,8.2,5
Estonia,Europe,2015,77.6,119,0,91,4,59.9,0,93,93,0.1,1774.9291,131547,1.9,1.9,16.5
Ethiopia,Africa,2015,64.8,225,136,77,17745,17.6,194,75,77,0.6,645.4637627,9987333,1.4,1.2,8.4
Fiji,Oceania,2015,69.9,188,0,99,0,62.7,0,99,99,0.1,4921.89629,892149,4,3.7,15.3
Finland,Europe,2015,81.1,76,0,NA,2,62.1,0,97,97,0.1,4245.39744,5479531,0.9,0.8,17
France,Europe,2015,82.4,78,2,86,157,62.5,3,98,98,0.1,36526.7711,6662468,0.7,0.6,16.3
Gabon,Africa,2015,66,229,2,8,27,36.3,3,79,8,2.7,7388.984144,193175,6.1,5.9,12.6
Gambia,Africa,2015,61.1,262,3,97,71,27.3,5,96,97,1.7,NA,NA,7.3,7.2,8.9
Georgia,Europe,2015,74.4,129,1,94,431,56.2,1,91,94,0.1,3764.64912,37171,2.7,2.8,13.9
Germany,Europe,2015,81,68,2,88,2464,62.3,3,94,95,0.1,41176.88158,81686611,1.1,1.1,17.1
Ghana,Africa,2015,62.4,249,37,88,23,28.6,52,88,88,0.7,1361.11395,27582821,6.2,6.1,11.4
Greece,Europe,2015,81,72,0,96,1,66.5,0,99,99,0.1,187.78991,182883,0.8,0.7,17.2
Grenada,North America,2015,73.6,142,0,92,0,48.4,0,99,92,0.1,9212.192824,NA,3.8,3.8,15.8
Guatemala,South America,2015,71.9,186,10,74,0,5.6,12,9,74,0.4,3923.573344,16252429,1.2,1.2,10.7
Guinea,Africa,2015,59,284,26,54,243,23.3,40,42,54,0.5,554.48766,1291533,7.3,7.3,8.8
Guinea-Bissau,Africa,2015,58.9,275,4,87,153,26.3,6,87,87,3.2,596.8717189,177526,7.1,7,9.2
Guyana,South America,2015,66.2,215,0,95,0,46.7,1,92,95,0.3,4136.689919,768514,5.5,5.3,10.3
Haiti,North America,2015,63.5,24,14,6,0,49.9,18,56,6,0.5,814.5463952,171161,3.9,3.9,9.1
Honduras,North America,2015,74.6,147,3,97,0,51,4,97,97,0.3,2326.15856,896829,2.1,2.1,11.2
Hungary,Europe,2015,75.8,134,0,NA,0,64.8,0,99,99,0.1,12365.6263,984328,1.6,1.6,15.6
Iceland,Europe,2015,82.7,49,0,NA,0,61,0,92,92,0.1,5734.4436,33815,1,0.9,19
India,Asia,2015,68.3,181,910,87,90387,18.7,1100,86,87,0.2,1613.18878,1395398,26.7,27.3,11.6
Indonesia,Asia,2015,69.1,176,114,78,15099,27.4,136,8,78,0.3,3336.16686,258162113,1.4,1.2,12.9
Iran,Asia,2015,75.5,83,18,98,615,59.7,21,98,98,0.1,NA,NA,8.5,8.6,14.8
Iraq,Asia,2015,68.9,182,32,56,1433,59.1,38,63,58,0.1,4974.2693,36115649,5.3,5.1,10.1
Ireland,Europe,2015,81.4,64,0,95,4,62.8,0,95,95,0.1,6664.144,4676835,0.3,0.2,18.6
Israel,Asia,2015,82.5,58,0,96,80,64.9,1,95,95,0.1,35729.37253,8381,1.2,1.1,16
Italy,Europe,2015,82.7,56,1,93,159,63.6,2,93,93,0.1,349.14755,673582,0.6,0.6,16.3
Jamaica,North America,2015,76.2,125,1,91,0,54.2,1,91,91,0.5,4965.989857,2871934,1.8,1.7,12.8
Japan,Asia,2015,83.7,55,2,NA,35,29,3,99,96,0.1,34474.13736,127141,2.1,1.8,15.3
Jordan,Africa,2015,74.1,112,4,99,0,65.6,4,99,99,0.1,496.99275,915932,4,4,13.1
Kazakhstan,Asia,2015,72,198,4,98,526,53.1,5,98,98,0.1,159.9817,17544126,2.4,2.5,15
Kenya,Africa,2015,63.4,249,54,89,95,22,75,83,89,2.8,1349.97144,47236259,7.8,7.6,11.1
Kiribati,Oceania,2015,66.3,198,0,82,0,77.6,0,8,78,0.1,1424.483611,11247,0.1,0.1,11.9
Kuwait,Asia,2015,74.7,81,0,99,18,71.4,1,99,99,0.1,28975.418,NA,3.5,3.4,13.3
Kyrgyzstan,Asia,2015,71.1,166,3,97,17779,44.9,3,97,97,0.1,NA,NA,3.3,3.4,13
Laos,Asia,2015,65.7,194,8,89,56,21.7,11,89,89,0.2,NA,NA,8.8,8.9,10.8
Latvia,Europe,2015,74.6,153,0,94,0,61.2,0,95,95,0.1,13666.58336,1977527,2.2,2.1,16
Lebanon,Asia,2015,74.9,98,1,81,39,66.1,1,75,81,0.1,846.632851,5851479,4.9,4.9,13.3
Lesotho,Africa,2015,53.7,484,4,93,0,32.6,6,9,93,9.3,173.82893,2174645,5.5,5.3,10.7
Liberia,Africa,2015,61.4,259,8,52,1060,27.3,11,52,52,0.9,452.38717,4499621,6.5,6.4,9.9
Libya,Africa,2015,72.7,138,1,97,82,64.8,2,97,97,0.1,NA,NA,5.8,5.5,13.4
Lithuania,Europe,2015,73.6,165,0,94,50,62.4,0,93,93,0.1,14252.42853,29491,2.6,2.6,16.5
Luxembourg,Europe,2015,82,63,0,94,0,61.3,0,99,99,0.1,1199.8223,56964,1,0.9,13.9
Madagascar,Africa,2015,65.5,22,28,69,3,2.5,38,71,69,0.3,41.8575951,2423488,7.1,7.1,10.3
Malawi,Africa,2015,58.3,365,26,88,0,19.6,38,88,88,4.8,362.6575444,1757367,6.4,6.2,10.8
Malaysia,Asia,2015,75,123,4,99,1318,4.6,4,99,99,0.1,9643.644683,3723155,7.5,7.3,13.1
Maldives,Asia,2015,78.5,61,0,99,0,27.4,0,99,99,0.1,8395.785198,49163,13.6,13.6,12.7
Mali,Africa,2015,58.2,266,52,64,215,23.8,84,66,64,1.5,729.725338,1746795,7.7,7.5,8.4
Malta,Europe,2015,81.7,54,0,95,2,69.6,0,97,97,0.1,23819.4636,431874,0.8,0.8,14.6
Mauritania,Africa,2015,63.1,25,8,73,1,3.8,12,67,73,0.9,1158.256469,4182341,7.8,7.5,8.5
Mauritius,Africa,2015,74.6,146,0,97,0,33.3,0,98,97,0.1,9252.11724,126265,6.9,6.8,15.2
Mexico,North America,2015,76.7,122,30,82,0,63.5,35,87,87,0.1,9143.128494,12589949,1.5,1.5,13.3
Micronesia,Oceania,2015,69.4,166,0,78,0,69.4,0,71,72,0.1,NA,NA,0.2,0.2,11.7
Mongolia,Asia,2015,68.8,222,1,99,20359,52.7,1,99,99,0.1,3944.1839,2976877,2.2,2.3,14.8
Montenegro,Europe,2015,76.1,16,0,82,0,61.8,0,89,89,0.1,6461.192554,622159,1.8,1.8,15.1
Morocco,Africa,2015,74.3,95,17,99,17,58.5,20,99,99,0.1,2847.285569,3483322,6.4,6.2,12.1
Mozambique,Africa,2015,57.6,355,60,8,79,22.6,81,8,8,3.9,528.3125597,281691,3.6,3.5,9.1
Myanmar,Asia,2015,66.6,199,39,89,6,23.8,50,89,89,0.3,1194.59137,5243669,12.8,13,9.1
Namibia,Africa,2015,65.8,248,2,92,212,35.7,3,92,92,2.1,4737.66996,2425561,8.2,8.1,11.7
Nepal,Asia,2015,69.2,165,17,91,1599,19.1,21,9,91,0.1,743.7653489,28656282,15.7,16.1,12.2
Netherlands,Europe,2015,81.9,57,1,94,7,62.1,1,95,95,0.1,44292.88473,16939923,1,0.9,18.1
New Zealand,Oceania,2015,81.6,66,0,92,10,67.5,0,92,92,0.1,3821.8937,NA,0.4,0.3,19.2
Nicaragua,North America,2015,74.8,145,2,98,0,54,2,99,98,0.1,295.966488,68235,1.8,1.7,11.7
Niger,Africa,2015,61.8,22,49,65,7693,19.3,87,65,65,0.4,358.99731,19896965,9.6,9.4,5.4
Nigeria,Africa,2015,54.5,344,483,49,12423,25.4,747,49,49,3.7,2655.157977,181181744,9.8,9.7,10
Norway,Europe,2015,81.8,59,0,NA,14,61.2,0,95,95,0.1,7455.24654,518867,0.8,0.7,17.7
Oman,Asia,2015,76.6,99,1,99,0,54.6,1,99,99,0.1,16627.36433,NA,7.1,6.9,13.7
Pakistan,Asia,2015,66.4,161,352,72,386,25.4,433,72,72,0.1,1431.244865,18938513,19.2,19.6,8.1
Panama,North America,2015,77.8,118,1,73,0,57.8,1,72,73,0.1,13134.4367,3969249,1.9,1.8,13
Papua New Guinea,Oceania,2015,62.9,275,10,67,38,48.6,12,74,73,0.6,NA,7919825,1.3,1.3,10
Paraguay,South America,2015,74,146,2,93,0,5.2,3,89,93,0.2,419.367724,6639119,2,1.9,12.3
Peru,South America,2015,75.5,123,8,9,4,55.6,10,88,9,0.1,63.343259,31376671,1.1,1.1,13.4
Philippines,Asia,2015,68.5,211,52,6,619,25.4,66,79,6,0.1,2878.33837,11716359,1,9.7,11.7
Poland,Europe,2015,77.5,117,2,96,0,61.7,2,92,98,0.1,12565.9876,37986412,1.9,2,16.4
Portugal,Europe,2015,81.1,76,0,98,8,61.6,0,98,98,0.1,1922.681,135876,0.7,0.5,16.6
Qatar,Asia,2015,78.2,68,0,99,18,69.3,0,99,99,0.1,66346.52267,NA,5.2,4.9,13.4
South Korea,Asia,2015,82.3,64,1,98,7,31.7,2,98,98,0.1,NA,NA,1.5,1,NA
Moldova,Europe,2015,72.1,157,1,88,0,53.4,1,88,87,0.1,NA,NA,2.7,2.8,NA
Romania,Europe,2015,75,133,2,9,4,6.7,2,89,89,0.1,8958.788593,19815481,2.5,2.7,14.7
Russia,Asia,2015,75,222,13,97,843,6.5,15,97,97,0.1,9329.298351,1449687,2.3,2.3,15
Rwanda,Africa,2015,66.1,227,11,98,1,21.4,15,99,98,0.4,71.348397,11629553,5.7,5.7,10.8
Saint Lucia,North America,2015,75.2,138,0,99,0,47.5,0,99,99,0.1,NA,NA,4.3,4.3,13.1
Saint Vincent and the Grenadines,North America,2015,73.2,156,0,98,0,54.1,0,97,98,0.1,NA,NA,3.5,3.4,13.3
Samoa,Oceania,2015,74,125,0,59,0,74.7,0,61,66,0.1,4149.363444,193759,0.2,0.1,12.9
Sao Tome and Principe,Africa,2015,67.5,19,0,96,0,3.9,0,96,96,0.2,1624.63963,195553,5.5,5.3,11.2
Saudi Arabia,Asia,2015,74.5,88,7,98,219,68.2,8,97,98,0.1,2732.86172,NA,7.8,7.6,16.1
Senegal,Africa,2015,66.7,188,19,89,58,24.3,26,85,89,0.3,98.7256145,14976994,9.5,9.3,9.5
Serbia,Europe,2015,75.6,121,1,94,383,6,1,95,95,0.1,5237.255334,795383,2,2,14.4
Seychelles,Africa,2015,73.2,168,0,98,0,37.4,0,97,97,0.1,1539.464,93419,5.7,6,14.1
Sierra Leone,Africa,2015,51,413,22,86,607,24.4,30,86,86,0.5,587.538233,723725,7.4,7.3,9.5
Singapore,Asia,2015,83.1,55,0,96,0,33.2,0,96,96,0.1,53629.73746,NA,2.2,2.2,15.4
Slovakia,Europe,2015,76.7,19,0,96,1,59.1,0,96,96,0.1,NA,NA,1.2,1.2,15
Slovenia,Europe,2015,88,74,0,NA,18,6.1,0,95,95,0.1,2729.86383,263531,1.4,1.3,17.3
Solomon Islands,Oceania,2015,69.2,177,0,98,0,5.5,0,99,98,0.1,1922.41388,587482,1.1,1.2,9.6
Somalia,Africa,2015,55,312,50,42,7497,24.3,80,47,42,0.7,426.98537,NA,6.6,6.4,NA
South Africa,Africa,2015,62.9,328,42,75,17,51.1,52,75,75,3.6,5769.77258,5511976.68,4.4,5.3,13
South Sudan,Africa,2015,57.3,332,26,31,878,NA,39,41,31,3.4,758.725782,11882136,NA,NA,4.9
Spain,Europe,2015,82.8,56,1,97,115,66.6,1,97,97,0.1,25683.84565,46447697,0.6,0.5,17.7
Sri Lanka,Asia,2015,74.9,138,3,99,1568,23.4,3,99,99,0.1,3844.89123,2966,15.1,15,14
Sudan,Africa,2015,64.1,225,58,93,3585,NA,85,93,93,0.3,2513.884661,3864783,NA,NA,7.2
Suriname,South America,2015,71.6,176,0,89,0,58.3,0,89,89,0.4,8818.982566,55328,3.5,3.5,12.7
Swaziland,Africa,2015,58.9,373,2,9,0,32.3,3,84,9,7.1,3136.92511,131911,4,4.1,11.4
Sweden,Europe,2015,82.4,53,0,67,22,59.5,0,98,98,0.1,5585.25847,9799186,1.5,1.4,15.9
Switzerland,Europe,2015,83.4,49,0,NA,35,57.4,0,97,97,0.1,8989.8424,8282396,0.4,0.3,16
Syria,Africa,2015,64.5,293,6,41,45,57.1,8,5,41,0.1,NA,18734987,6.3,6.1,9
Tajikistan,Asia,2015,69.7,161,10,96,3,4.7,11,96,96,0.2,918.6771543,8548651,3.6,3.7,11.3
Thailand,Asia,2015,74.9,148,8,99,154,33.6,9,99,99,0.1,5814.863134,686576,7.7,7.7,13.6
Macedonia,Europe,2015,75.7,12,0,92,1,6.3,0,92,91,0.1,NA,NA,2.1,2.1,12.9
Timor-Leste,Asia,2015,68.3,152,2,76,43,17.4,2,75,76,0.1,1161.76935,124977,1.9,11.1,12.5
Togo,Africa,2015,59.9,287,13,88,20,24.3,20,88,88,1,551.138346,741682,6.5,6.2,12
Tonga,Oceania,2015,73.5,133,0,78,0,75.2,0,8,78,0.1,493.775387,16364,0.1,0.1,14.3
Trinidad and Tobago,North America,2015,71.2,17,0,9,0,47.1,0,88,96,0.3,17321.83373,13692,5.7,5.9,12.7
Tunisia,Africa,2015,75.3,1,3,98,16,61.2,3,98,98,0.1,3828.91589,11273661,6.5,6.4,14.6
Turkey,Asia,2015,75.8,16,15,97,342,66.1,18,97,97,0.1,1979.52569,78271472,4.9,4.8,14.5
Turkmenistan,Asia,2015,66.3,215,6,99,0,48.6,7,99,99,0.1,6432.668768,5565284,3.3,3.3,10.8
Uganda,Africa,2015,62.3,291,66,78,478,18.5,93,82,78,3.1,693.8963829,414487,5.6,5.6,10
Ukraine,Europe,2015,71.3,195,4,22,105,61.3,5,51,23,0.2,2124.662666,4515429,2.3,2.4,15.3
UAE,Asia,2015,77.1,75,1,99,347,64.2,1,99,99,0.1,3911.74689,NA,5.3,5.1,13.3
UK,Europe,2015,81.2,69,3,NA,91,66.6,4,96,96,0.1,NA,NA,0.8,0.6,NA
Tanzania,Africa,2015,61.8,279,85,98,30,23.8,119,96,98,1.4,NA,NA,6.7,6.5,NA
USA,North America,2015,79.3,13,23,92,188,69.6,26,93,95,0.1,NA,NA,0.8,0.6,NA
Uruguay,South America,2015,77,116,0,95,0,64,0,95,95,0.1,15524.84247,3431552,1.5,1.4,15.5
Uzbekistan,Asia,2015,69.4,184,15,99,22,44.7,17,99,99,0.1,2137.576852,312989,3,3.1,12.1
Vanuatu,Oceania,2015,72,13,0,64,39,53.3,0,65,64,0.1,285.83414,26463,1.5,1.4,10.8
Venezuela,South America,2015,74.1,157,9,87,0,62.1,10,87,87,0.1,NA,NA,1.6,1.5,14.3
Viet nam,Asia,2015,76,127,28,97,256,17.5,35,97,97,0.1,NA,NA,14.2,14.5,12.6
Yemen,Asia,2015,65.7,224,37,69,468,41.3,47,63,69,0.1,NA,NA,13.6,13.4,9
Zambia,Africa,2015,61.8,33,27,9,9,23.4,40,9,9,4.1,1313.889646,161587,6.3,6.1,12.5
Zimbabwe,Africa,2015,67,336,22,87,0,31.8,32,88,87,6.2,118.69383,15777451,5.6,5.5,10.3
